method,mse_mean,mse_var,mse_std,mse_50q,mse_90q,rsd,type,idx,n_nodes,patience,min_delta,perc_sent_weights,target_probability,models_folder,n_input_features,n_output_vars,merge_strategy,batch_size,epochs_per_update,stop_criterion,fixed_updates,num_merged_models,shuffle_batch,finetuning_epochs,serialize_optimizer
Gossip,1314.411734946946,,1462.3209913443673,861.4874464656041,3240.616782011077,1.1125288617446734,classical,131,10,5,0.0,1.0,0.75,models/,9,1,age_weighted,64,1,fixed_updates,100,1,True,0,False
Single,1509.578357949136,,2767.6362442233403,868.2042521717383,3216.730579669545,1.833383626394433,classical,131,10,5,0.0,1.0,0.75,models/,9,1,age_weighted,64,1,fixed_updates,100,1,True,0,False
Centralized,1321.7725735377264,,1403.0990796941414,886.4274257976384,3185.40773310492,1.0615283656088763,classical,131,10,5,0.0,1.0,0.75,models/,9,1,age_weighted,64,1,fixed_updates,100,1,True,0,False
Gossip,3321.531275427362,,3264.393533704565,1923.8584154987925,8535.155576139423,0.9827977709722318,generalized,131,10,5,0.0,1.0,0.75,models/,9,1,age_weighted,64,1,fixed_updates,100,1,True,0,False
Single,7543.945536215161,,9852.072322029177,3277.778082655868,23423.33272098965,1.305957509201745,generalized,131,10,5,0.0,1.0,0.75,models/,9,1,age_weighted,64,1,fixed_updates,100,1,True,0,False
Centralized,1324.37111229715,,701.9193510313539,1216.2716070224392,2360.7188007788,0.5300020096435505,generalized,131,10,5,0.0,1.0,0.75,models/,9,1,age_weighted,64,1,fixed_updates,100,1,True,0,False
Gossip,1312.0117672485308,,1464.5356619310758,858.9650915885131,3290.2771509440367,1.116251925851556,classical,91,10,5,0.0,1.0,0.5,models/,9,1,age_weighted,64,1,fixed_updates,100,3,True,0,False
Single,1509.578357949136,,2767.6362442233403,868.2042521717383,3216.730579669545,1.833383626394433,classical,91,10,5,0.0,1.0,0.5,models/,9,1,age_weighted,64,1,fixed_updates,100,3,True,0,False
Centralized,1321.7725735377264,,1403.0990796941414,886.4274257976384,3185.40773310492,1.0615283656088763,classical,91,10,5,0.0,1.0,0.5,models/,9,1,age_weighted,64,1,fixed_updates,100,3,True,0,False
Gossip,2893.540340502368,,2601.303372984343,1894.4280601232128,7144.860342591475,0.8990036657075645,generalized,91,10,5,0.0,1.0,0.5,models/,9,1,age_weighted,64,1,fixed_updates,100,3,True,0,False
Single,7543.945536215161,,9852.072322029177,3277.778082655868,23423.33272098965,1.305957509201745,generalized,91,10,5,0.0,1.0,0.5,models/,9,1,age_weighted,64,1,fixed_updates,100,3,True,0,False
Centralized,1324.37111229715,,701.9193510313539,1216.2716070224392,2360.7188007788,0.5300020096435505,generalized,91,10,5,0.0,1.0,0.5,models/,9,1,age_weighted,64,1,fixed_updates,100,3,True,0,False
Gossip,1404.2573104612318,,1706.7680849566548,876.5124134574621,3307.284580365116,1.2154240339301223,classical,164,10,5,0.0,1.0,1.0,models/,9,1,age_weighted,64,1,fixed_updates,50,1,True,0,False
Single,1509.578357949136,,2767.6362442233403,868.2042521717383,3216.730579669545,1.833383626394433,classical,164,10,5,0.0,1.0,1.0,models/,9,1,age_weighted,64,1,fixed_updates,50,1,True,0,False
Centralized,1321.7725735377264,,1403.0990796941414,886.4274257976384,3185.40773310492,1.0615283656088763,classical,164,10,5,0.0,1.0,1.0,models/,9,1,age_weighted,64,1,fixed_updates,50,1,True,0,False
Gossip,3884.0343739964906,,3984.197925558849,2060.343368403017,10311.094031536622,1.0257885337557644,generalized,164,10,5,0.0,1.0,1.0,models/,9,1,age_weighted,64,1,fixed_updates,50,1,True,0,False
Single,7543.945536215161,,9852.072322029177,3277.778082655868,23423.33272098965,1.305957509201745,generalized,164,10,5,0.0,1.0,1.0,models/,9,1,age_weighted,64,1,fixed_updates,50,1,True,0,False
Centralized,1324.37111229715,,701.9193510313539,1216.2716070224392,2360.7188007788,0.5300020096435505,generalized,164,10,5,0.0,1.0,1.0,models/,9,1,age_weighted,64,1,fixed_updates,50,1,True,0,False
Gossip,1307.2450585494353,,1454.190779813481,872.1204989707694,3231.1329544445,1.1124087027929574,classical,82,10,5,0.0,1.0,0.5,models/,9,1,simple_avg,64,1,fixed_updates,100,1,True,0,False
Single,1509.578357949136,,2767.6362442233403,868.2042521717383,3216.730579669545,1.833383626394433,classical,82,10,5,0.0,1.0,0.5,models/,9,1,simple_avg,64,1,fixed_updates,100,1,True,0,False
Centralized,1321.7725735377264,,1403.0990796941414,886.4274257976384,3185.40773310492,1.0615283656088763,classical,82,10,5,0.0,1.0,0.5,models/,9,1,simple_avg,64,1,fixed_updates,100,1,True,0,False
Gossip,3355.3047288025427,,3469.10627814468,1925.1431283531324,7877.425124258853,1.0339169042874836,generalized,82,10,5,0.0,1.0,0.5,models/,9,1,simple_avg,64,1,fixed_updates,100,1,True,0,False
Single,7543.945536215161,,9852.072322029177,3277.778082655868,23423.33272098965,1.305957509201745,generalized,82,10,5,0.0,1.0,0.5,models/,9,1,simple_avg,64,1,fixed_updates,100,1,True,0,False
Centralized,1324.37111229715,,701.9193510313539,1216.2716070224392,2360.7188007788,0.5300020096435505,generalized,82,10,5,0.0,1.0,0.5,models/,9,1,simple_avg,64,1,fixed_updates,100,1,True,0,False
Gossip,1286.9656767149925,,1414.2568503856476,855.2559130558636,3198.804594247839,1.098907978645995,classical,118,10,5,0.0,0.4,0.5,models/,9,1,simple_avg,64,1,fixed_updates,100,1,True,0,False
Single,1509.578357949136,,2767.6362442233403,868.2042521717383,3216.730579669545,1.833383626394433,classical,118,10,5,0.0,0.4,0.5,models/,9,1,simple_avg,64,1,fixed_updates,100,1,True,0,False
Centralized,1321.7725735377264,,1403.0990796941414,886.4274257976384,3185.40773310492,1.0615283656088763,classical,118,10,5,0.0,0.4,0.5,models/,9,1,simple_avg,64,1,fixed_updates,100,1,True,0,False
Gossip,4721.692413673815,,5559.509550991334,2497.847778625755,9748.96039227158,1.1774400075047746,generalized,118,10,5,0.0,0.4,0.5,models/,9,1,simple_avg,64,1,fixed_updates,100,1,True,0,False
Single,7543.945536215161,,9852.072322029177,3277.778082655868,23423.33272098965,1.305957509201745,generalized,118,10,5,0.0,0.4,0.5,models/,9,1,simple_avg,64,1,fixed_updates,100,1,True,0,False
Centralized,1324.37111229715,,701.9193510313539,1216.2716070224392,2360.7188007788,0.5300020096435505,generalized,118,10,5,0.0,0.4,0.5,models/,9,1,simple_avg,64,1,fixed_updates,100,1,True,0,False
Gossip,1325.4304059513277,,1460.8801203198502,876.4166347866578,3390.052881184676,1.1021930036917356,classical,81,10,5,0.0,1.0,0.5,models/,9,1,improved_overwrite,64,1,fixed_updates,100,1,True,0,False
Single,1509.578357949136,,2767.6362442233403,868.2042521717383,3216.730579669545,1.833383626394433,classical,81,10,5,0.0,1.0,0.5,models/,9,1,improved_overwrite,64,1,fixed_updates,100,1,True,0,False
Centralized,1321.7725735377264,,1403.0990796941414,886.4274257976384,3185.40773310492,1.0615283656088763,classical,81,10,5,0.0,1.0,0.5,models/,9,1,improved_overwrite,64,1,fixed_updates,100,1,True,0,False
Gossip,4148.604059676953,,5261.031543090927,2121.5808413839195,11428.563356786568,1.2681450115296369,generalized,81,10,5,0.0,1.0,0.5,models/,9,1,improved_overwrite,64,1,fixed_updates,100,1,True,0,False
Single,7543.945536215161,,9852.072322029177,3277.778082655868,23423.33272098965,1.305957509201745,generalized,81,10,5,0.0,1.0,0.5,models/,9,1,improved_overwrite,64,1,fixed_updates,100,1,True,0,False
Centralized,1324.37111229715,,701.9193510313539,1216.2716070224392,2360.7188007788,0.5300020096435505,generalized,81,10,5,0.0,1.0,0.5,models/,9,1,improved_overwrite,64,1,fixed_updates,100,1,True,0,False
Gossip,1288.4277661702392,,1416.776960347975,851.9721988727529,3197.0365153634243,1.0996169110506246,classical,167,10,5,0.0,0.2,1.0,models/,9,1,age_weighted,64,1,fixed_updates,100,3,True,0,False
Single,1509.578357949136,,2767.6362442233403,868.2042521717383,3216.730579669545,1.833383626394433,classical,167,10,5,0.0,0.2,1.0,models/,9,1,age_weighted,64,1,fixed_updates,100,3,True,0,False
Centralized,1321.7725735377264,,1403.0990796941414,886.4274257976384,3185.40773310492,1.0615283656088763,classical,167,10,5,0.0,0.2,1.0,models/,9,1,age_weighted,64,1,fixed_updates,100,3,True,0,False
Gossip,4165.713185265262,,4413.510941661493,2303.638377575849,10450.405249313855,1.0594850738338704,generalized,167,10,5,0.0,0.2,1.0,models/,9,1,age_weighted,64,1,fixed_updates,100,3,True,0,False
Single,7543.945536215161,,9852.072322029177,3277.778082655868,23423.33272098965,1.305957509201745,generalized,167,10,5,0.0,0.2,1.0,models/,9,1,age_weighted,64,1,fixed_updates,100,3,True,0,False
Centralized,1324.37111229715,,701.9193510313539,1216.2716070224392,2360.7188007788,0.5300020096435505,generalized,167,10,5,0.0,0.2,1.0,models/,9,1,age_weighted,64,1,fixed_updates,100,3,True,0,False
Gossip,1369.641359814101,,1605.6561852889506,887.73963156626,3354.369330995388,1.172318705027193,classical,124,10,5,0.0,1.0,0.25,models/,9,1,overwrite,64,1,fixed_updates,100,1,True,0,False
Single,1509.578357949136,,2767.6362442233403,868.2042521717383,3216.730579669545,1.833383626394433,classical,124,10,5,0.0,1.0,0.25,models/,9,1,overwrite,64,1,fixed_updates,100,1,True,0,False
Centralized,1321.7725735377264,,1403.0990796941414,886.4274257976384,3185.40773310492,1.0615283656088763,classical,124,10,5,0.0,1.0,0.25,models/,9,1,overwrite,64,1,fixed_updates,100,1,True,0,False
Gossip,3060.1716079879825,,3451.392574740226,1665.523176194464,7834.921232418135,1.1278428195762085,generalized,124,10,5,0.0,1.0,0.25,models/,9,1,overwrite,64,1,fixed_updates,100,1,True,0,False
Single,7543.945536215161,,9852.072322029177,3277.778082655868,23423.33272098965,1.305957509201745,generalized,124,10,5,0.0,1.0,0.25,models/,9,1,overwrite,64,1,fixed_updates,100,1,True,0,False
Centralized,1324.37111229715,,701.9193510313539,1216.2716070224392,2360.7188007788,0.5300020096435505,generalized,124,10,5,0.0,1.0,0.25,models/,9,1,overwrite,64,1,fixed_updates,100,1,True,0,False
Gossip,1309.2463001692006,,1453.6627117587234,863.5389033226359,3281.465040787968,1.1103049988156233,classical,84,10,5,0.0,1.0,0.5,models/,9,1,age_weighted,64,1,fixed_updates,100,1,True,0,False
Single,1509.578357949136,,2767.6362442233403,868.2042521717383,3216.730579669545,1.833383626394433,classical,84,10,5,0.0,1.0,0.5,models/,9,1,age_weighted,64,1,fixed_updates,100,1,True,0,False
Centralized,1321.7725735377264,,1403.0990796941414,886.4274257976384,3185.40773310492,1.0615283656088763,classical,84,10,5,0.0,1.0,0.5,models/,9,1,age_weighted,64,1,fixed_updates,100,1,True,0,False
Gossip,3256.3432507772086,,3188.938206270558,1820.1317303944047,7770.622508806134,0.979300387177991,generalized,84,10,5,0.0,1.0,0.5,models/,9,1,age_weighted,64,1,fixed_updates,100,1,True,0,False
Single,7543.945536215161,,9852.072322029177,3277.778082655868,23423.33272098965,1.305957509201745,generalized,84,10,5,0.0,1.0,0.5,models/,9,1,age_weighted,64,1,fixed_updates,100,1,True,0,False
Centralized,1324.37111229715,,701.9193510313539,1216.2716070224392,2360.7188007788,0.5300020096435505,generalized,84,10,5,0.0,1.0,0.5,models/,9,1,age_weighted,64,1,fixed_updates,100,1,True,0,False
Gossip,1329.7939490493889,,1455.7995826724846,861.802372743753,3252.81279051471,1.0947557579978249,classical,184,10,5,1.0,1.0,1.0,models/,9,1,age_weighted,64,4,no_improvements,30,1,True,0,False
Single,1509.578357949136,,2767.6362442233403,868.2042521717383,3216.730579669545,1.833383626394433,classical,184,10,5,1.0,1.0,1.0,models/,9,1,age_weighted,64,4,no_improvements,30,1,True,0,False
Centralized,1321.7725735377264,,1403.0990796941414,886.4274257976384,3185.40773310492,1.0615283656088763,classical,184,10,5,1.0,1.0,1.0,models/,9,1,age_weighted,64,4,no_improvements,30,1,True,0,False
Gossip,6496.104255629599,,8556.902834991202,2933.2085241585537,16529.03265540757,1.317236069229599,generalized,184,10,5,1.0,1.0,1.0,models/,9,1,age_weighted,64,4,no_improvements,30,1,True,0,False
Single,7543.945536215161,,9852.072322029177,3277.778082655868,23423.33272098965,1.305957509201745,generalized,184,10,5,1.0,1.0,1.0,models/,9,1,age_weighted,64,4,no_improvements,30,1,True,0,False
Centralized,1324.37111229715,,701.9193510313539,1216.2716070224392,2360.7188007788,0.5300020096435505,generalized,184,10,5,1.0,1.0,1.0,models/,9,1,age_weighted,64,4,no_improvements,30,1,True,0,False
Gossip,1298.8499596917889,,1429.7113664588078,861.8764509899452,3219.831681530001,1.100751750262264,classical,185,10,5,0.0,1.0,1.0,models/,9,1,age_weighted,64,4,fixed_updates,25,1,True,0,False
Single,1509.578357949136,,2767.6362442233403,868.2042521717383,3216.730579669545,1.833383626394433,classical,185,10,5,0.0,1.0,1.0,models/,9,1,age_weighted,64,4,fixed_updates,25,1,True,0,False
Centralized,1321.7725735377264,,1403.0990796941414,886.4274257976384,3185.40773310492,1.0615283656088763,classical,185,10,5,0.0,1.0,1.0,models/,9,1,age_weighted,64,4,fixed_updates,25,1,True,0,False
Gossip,5319.253978824475,,6304.306272868405,2430.220197443534,17044.67859102936,1.1851861742201717,generalized,185,10,5,0.0,1.0,1.0,models/,9,1,age_weighted,64,4,fixed_updates,25,1,True,0,False
Single,7543.945536215161,,9852.072322029177,3277.778082655868,23423.33272098965,1.305957509201745,generalized,185,10,5,0.0,1.0,1.0,models/,9,1,age_weighted,64,4,fixed_updates,25,1,True,0,False
Centralized,1324.37111229715,,701.9193510313539,1216.2716070224392,2360.7188007788,0.5300020096435505,generalized,185,10,5,0.0,1.0,1.0,models/,9,1,age_weighted,64,4,fixed_updates,25,1,True,0,False
Gossip,1462.0620058353902,,1989.6366687599996,897.1431152615187,3360.362168134508,1.360842878632336,classical,83,10,5,0.0,1.0,0.5,models/,9,1,overwrite,64,1,fixed_updates,100,1,True,0,False
Single,1509.578357949136,,2767.6362442233403,868.2042521717383,3216.730579669545,1.833383626394433,classical,83,10,5,0.0,1.0,0.5,models/,9,1,overwrite,64,1,fixed_updates,100,1,True,0,False
Centralized,1321.7725735377264,,1403.0990796941414,886.4274257976384,3185.40773310492,1.0615283656088763,classical,83,10,5,0.0,1.0,0.5,models/,9,1,overwrite,64,1,fixed_updates,100,1,True,0,False
Gossip,3787.884205699133,,4364.839311049645,1717.0542059043296,8897.273599796337,1.1523159299543644,generalized,83,10,5,0.0,1.0,0.5,models/,9,1,overwrite,64,1,fixed_updates,100,1,True,0,False
Single,7543.945536215161,,9852.072322029177,3277.778082655868,23423.33272098965,1.305957509201745,generalized,83,10,5,0.0,1.0,0.5,models/,9,1,overwrite,64,1,fixed_updates,100,1,True,0,False
Centralized,1324.37111229715,,701.9193510313539,1216.2716070224392,2360.7188007788,0.5300020096435505,generalized,83,10,5,0.0,1.0,0.5,models/,9,1,overwrite,64,1,fixed_updates,100,1,True,0,False
Gossip,1362.8226719755694,,1529.8299693629551,888.6419069374657,3323.467788077728,1.1225451416546286,classical,94,10,5,0.0,1.0,0.5,models/,9,1,overwrite,64,1,fixed_updates,100,1,True,0,False
Single,1329.9837731693704,,1436.0007815246422,893.3699259799882,3349.309147307056,1.079713008905839,classical,94,10,5,0.0,1.0,0.5,models/,9,1,overwrite,64,1,fixed_updates,100,1,True,0,False
Centralized,1367.1785136642409,,1449.607223191321,909.330316499242,3297.2730398400995,1.0602911095392795,classical,94,10,5,0.0,1.0,0.5,models/,9,1,overwrite,64,1,fixed_updates,100,1,True,0,False
Gossip,2681.050592103786,,4241.15232121528,1349.0459280311866,7037.825008067183,1.581899399327374,generalized,94,10,5,0.0,1.0,0.5,models/,9,1,overwrite,64,1,fixed_updates,100,1,True,0,False
Single,5231.003065575101,,10138.9828339666,1638.210778202525,13630.610873235268,1.938248306656634,generalized,94,10,5,0.0,1.0,0.5,models/,9,1,overwrite,64,1,fixed_updates,100,1,True,0,False
Centralized,1226.682779748716,,991.5445495799252,953.784968913884,2261.178416560821,0.808313743332275,generalized,94,10,5,0.0,1.0,0.5,models/,9,1,overwrite,64,1,fixed_updates,100,1,True,0,False
Gossip,1341.2145555538614,,1487.579006197321,885.5648192978132,3322.867495631449,1.1091282897560095,classical,89,10,5,0.0,1.0,0.5,models/,9,1,improved_overwrite,64,1,fixed_updates,100,1,True,0,True
Single,1509.578357949136,,2767.6362442233403,868.2042521717383,3216.730579669545,1.833383626394433,classical,89,10,5,0.0,1.0,0.5,models/,9,1,improved_overwrite,64,1,fixed_updates,100,1,True,0,True
Centralized,1321.7725735377264,,1403.0990796941414,886.4274257976384,3185.40773310492,1.0615283656088763,classical,89,10,5,0.0,1.0,0.5,models/,9,1,improved_overwrite,64,1,fixed_updates,100,1,True,0,True
Gossip,4118.196662965932,,5803.120800266999,1828.423008395359,8598.7785605955,1.4091412516680497,generalized,89,10,5,0.0,1.0,0.5,models/,9,1,improved_overwrite,64,1,fixed_updates,100,1,True,0,True
Single,7543.945536215161,,9852.072322029177,3277.778082655868,23423.33272098965,1.305957509201745,generalized,89,10,5,0.0,1.0,0.5,models/,9,1,improved_overwrite,64,1,fixed_updates,100,1,True,0,True
Centralized,1324.37111229715,,701.9193510313539,1216.2716070224392,2360.7188007788,0.5300020096435505,generalized,89,10,5,0.0,1.0,0.5,models/,9,1,improved_overwrite,64,1,fixed_updates,100,1,True,0,True
Gossip,1333.6368000555583,,1480.1733323535498,896.2751341660486,3270.98477702812,1.109877391124695,classical,129,10,5,0.0,1.0,0.25,models/,9,1,improved_overwrite,64,1,fixed_updates,100,1,True,0,False
Single,1509.578357949136,,2767.6362442233403,868.2042521717383,3216.730579669545,1.833383626394433,classical,129,10,5,0.0,1.0,0.25,models/,9,1,improved_overwrite,64,1,fixed_updates,100,1,True,0,False
Centralized,1321.7725735377264,,1403.0990796941414,886.4274257976384,3185.40773310492,1.0615283656088763,classical,129,10,5,0.0,1.0,0.25,models/,9,1,improved_overwrite,64,1,fixed_updates,100,1,True,0,False
Gossip,3974.959564246624,,5563.379191279362,1859.903090678194,10730.538542185695,1.399606486898639,generalized,129,10,5,0.0,1.0,0.25,models/,9,1,improved_overwrite,64,1,fixed_updates,100,1,True,0,False
Single,7543.945536215161,,9852.072322029177,3277.778082655868,23423.33272098965,1.305957509201745,generalized,129,10,5,0.0,1.0,0.25,models/,9,1,improved_overwrite,64,1,fixed_updates,100,1,True,0,False
Centralized,1324.37111229715,,701.9193510313539,1216.2716070224392,2360.7188007788,0.5300020096435505,generalized,129,10,5,0.0,1.0,0.25,models/,9,1,improved_overwrite,64,1,fixed_updates,100,1,True,0,False
Gossip,1292.3357444038695,,1425.4116161301322,850.8296604057339,3173.231748182041,1.1029731416951931,classical,101,10,5,0.0,1.0,0.5,models/,9,1,age_weighted,64,5,fixed_updates,20,1,True,0,False
Single,1509.578357949136,,2767.6362442233403,868.2042521717383,3216.730579669545,1.833383626394433,classical,101,10,5,0.0,1.0,0.5,models/,9,1,age_weighted,64,5,fixed_updates,20,1,True,0,False
Centralized,1321.7725735377264,,1403.0990796941414,886.4274257976384,3185.40773310492,1.0615283656088763,classical,101,10,5,0.0,1.0,0.5,models/,9,1,age_weighted,64,5,fixed_updates,20,1,True,0,False
Gossip,5307.968158518704,,6798.722105699235,2593.37787235228,13559.42079778156,1.2808520892854331,generalized,101,10,5,0.0,1.0,0.5,models/,9,1,age_weighted,64,5,fixed_updates,20,1,True,0,False
Single,7543.945536215161,,9852.072322029177,3277.778082655868,23423.33272098965,1.305957509201745,generalized,101,10,5,0.0,1.0,0.5,models/,9,1,age_weighted,64,5,fixed_updates,20,1,True,0,False
Centralized,1324.37111229715,,701.9193510313539,1216.2716070224392,2360.7188007788,0.5300020096435505,generalized,101,10,5,0.0,1.0,0.5,models/,9,1,age_weighted,64,5,fixed_updates,20,1,True,0,False
Gossip,1330.715628589491,,1477.055835877529,882.9218121828369,3242.5924513808764,1.1099710592887175,classical,182,10,5,1.0,1.0,1.0,models/,9,1,age_weighted,64,4,no_improvements,30,1,True,0,False
Single,1509.578357949136,,2767.6362442233403,868.2042521717383,3216.730579669545,1.833383626394433,classical,182,10,5,1.0,1.0,1.0,models/,9,1,age_weighted,64,4,no_improvements,30,1,True,0,False
Centralized,1321.7725735377264,,1403.0990796941414,886.4274257976384,3185.40773310492,1.0615283656088763,classical,182,10,5,1.0,1.0,1.0,models/,9,1,age_weighted,64,4,no_improvements,30,1,True,0,False
Gossip,6353.994539073084,,8287.440139774268,2779.090637175515,19005.86225034109,1.3042882062317973,generalized,182,10,5,1.0,1.0,1.0,models/,9,1,age_weighted,64,4,no_improvements,30,1,True,0,False
Single,7543.945536215161,,9852.072322029177,3277.778082655868,23423.33272098965,1.305957509201745,generalized,182,10,5,1.0,1.0,1.0,models/,9,1,age_weighted,64,4,no_improvements,30,1,True,0,False
Centralized,1324.37111229715,,701.9193510313539,1216.2716070224392,2360.7188007788,0.5300020096435505,generalized,182,10,5,1.0,1.0,1.0,models/,9,1,age_weighted,64,4,no_improvements,30,1,True,0,False
Gossip,1332.8975107527317,,1468.5768182198935,890.5258747233524,3279.067282188592,1.101792753285689,classical,180,10,5,0.1,1.0,1.0,models/,9,1,age_weighted,64,4,no_improvements,30,1,True,0,False
Single,1509.578357949136,,2767.6362442233403,868.2042521717383,3216.730579669545,1.833383626394433,classical,180,10,5,0.1,1.0,1.0,models/,9,1,age_weighted,64,4,no_improvements,30,1,True,0,False
Centralized,1321.7725735377264,,1403.0990796941414,886.4274257976384,3185.40773310492,1.0615283656088763,classical,180,10,5,0.1,1.0,1.0,models/,9,1,age_weighted,64,4,no_improvements,30,1,True,0,False
Gossip,6293.780350479552,,7912.619004224749,2611.699770231905,19058.959016888843,1.257212448416928,generalized,180,10,5,0.1,1.0,1.0,models/,9,1,age_weighted,64,4,no_improvements,30,1,True,0,False
Single,7543.945536215161,,9852.072322029177,3277.778082655868,23423.33272098965,1.305957509201745,generalized,180,10,5,0.1,1.0,1.0,models/,9,1,age_weighted,64,4,no_improvements,30,1,True,0,False
Centralized,1324.37111229715,,701.9193510313539,1216.2716070224392,2360.7188007788,0.5300020096435505,generalized,180,10,5,0.1,1.0,1.0,models/,9,1,age_weighted,64,4,no_improvements,30,1,True,0,False
Gossip,1269.5473561682866,,1389.4446535600302,845.8026546453557,3148.9184494231317,1.094440980723724,classical,163,10,5,0.0,1.0,1.0,models/,9,1,age_weighted,64,5,fixed_updates,50,1,True,0,False
Single,1509.578357949136,,2767.6362442233403,868.2042521717383,3216.730579669545,1.833383626394433,classical,163,10,5,0.0,1.0,1.0,models/,9,1,age_weighted,64,5,fixed_updates,50,1,True,0,False
Centralized,1321.7725735377264,,1403.0990796941414,886.4274257976384,3185.40773310492,1.0615283656088763,classical,163,10,5,0.0,1.0,1.0,models/,9,1,age_weighted,64,5,fixed_updates,50,1,True,0,False
Gossip,4814.055980267218,,5212.481257733793,2724.222868067656,11866.998837268196,1.0827629090936457,generalized,163,10,5,0.0,1.0,1.0,models/,9,1,age_weighted,64,5,fixed_updates,50,1,True,0,False
Single,7543.945536215161,,9852.072322029177,3277.778082655868,23423.33272098965,1.305957509201745,generalized,163,10,5,0.0,1.0,1.0,models/,9,1,age_weighted,64,5,fixed_updates,50,1,True,0,False
Centralized,1324.37111229715,,701.9193510313539,1216.2716070224392,2360.7188007788,0.5300020096435505,generalized,163,10,5,0.0,1.0,1.0,models/,9,1,age_weighted,64,5,fixed_updates,50,1,True,0,False
Gossip,1305.0480189184318,,1447.4261616628528,869.9447514876695,3202.1501784445736,1.1090980107095354,classical,97,10,5,0.0,1.0,0.5,models/,9,1,age_weighted,64,1,fixed_updates,100,1,True,0,False
Single,1329.9837731693704,,1436.0007815246422,893.3699259799882,3349.309147307056,1.079713008905839,classical,97,10,5,0.0,1.0,0.5,models/,9,1,age_weighted,64,1,fixed_updates,100,1,True,0,False
Centralized,1367.1785136642409,,1449.607223191321,909.330316499242,3297.2730398400995,1.0602911095392795,classical,97,10,5,0.0,1.0,0.5,models/,9,1,age_weighted,64,1,fixed_updates,100,1,True,0,False
Gossip,2509.406829142364,,3305.015951554274,1393.21334798805,7723.836529518497,1.317050672363008,generalized,97,10,5,0.0,1.0,0.5,models/,9,1,age_weighted,64,1,fixed_updates,100,1,True,0,False
Single,5231.003065575101,,10138.9828339666,1638.210778202525,13630.610873235268,1.938248306656634,generalized,97,10,5,0.0,1.0,0.5,models/,9,1,age_weighted,64,1,fixed_updates,100,1,True,0,False
Centralized,1226.682779748716,,991.5445495799252,953.784968913884,2261.178416560821,0.808313743332275,generalized,97,10,5,0.0,1.0,0.5,models/,9,1,age_weighted,64,1,fixed_updates,100,1,True,0,False
Gossip,2583.543856462716,,6049.290181474637,892.5573394746039,3930.629982150463,2.341469902414229,classical,165,10,5,0.0,1.0,1.0,models/,9,1,age_weighted,64,1,fixed_updates,20,1,True,0,False
Single,1509.578357949136,,2767.6362442233403,868.2042521717383,3216.730579669545,1.833383626394433,classical,165,10,5,0.0,1.0,1.0,models/,9,1,age_weighted,64,1,fixed_updates,20,1,True,0,False
Centralized,1321.7725735377264,,1403.0990796941414,886.4274257976384,3185.40773310492,1.0615283656088763,classical,165,10,5,0.0,1.0,1.0,models/,9,1,age_weighted,64,1,fixed_updates,20,1,True,0,False
Gossip,6231.778079475054,,7777.661749141506,2702.574347349835,19017.423592069925,1.2480646213570996,generalized,165,10,5,0.0,1.0,1.0,models/,9,1,age_weighted,64,1,fixed_updates,20,1,True,0,False
Single,7543.945536215161,,9852.072322029177,3277.778082655868,23423.33272098965,1.305957509201745,generalized,165,10,5,0.0,1.0,1.0,models/,9,1,age_weighted,64,1,fixed_updates,20,1,True,0,False
Centralized,1324.37111229715,,701.9193510313539,1216.2716070224392,2360.7188007788,0.5300020096435505,generalized,165,10,5,0.0,1.0,1.0,models/,9,1,age_weighted,64,1,fixed_updates,20,1,True,0,False
Gossip,1310.5103005193068,,1449.1237043307435,864.2490260385755,3254.1650784400867,1.105770556520242,classical,117,10,5,0.0,1.0,1.0,models/,9,1,age_weighted,64,1,fixed_updates,100,1,True,0,False
Single,1509.578357949136,,2767.6362442233403,868.2042521717383,3216.730579669545,1.833383626394433,classical,117,10,5,0.0,1.0,1.0,models/,9,1,age_weighted,64,1,fixed_updates,100,1,True,0,False
Centralized,1321.7725735377264,,1403.0990796941414,886.4274257976384,3185.40773310492,1.0615283656088763,classical,117,10,5,0.0,1.0,1.0,models/,9,1,age_weighted,64,1,fixed_updates,100,1,True,0,False
Gossip,3276.4158702485315,,3402.631817861925,1984.803760721144,7715.776514919516,1.038522566307744,generalized,117,10,5,0.0,1.0,1.0,models/,9,1,age_weighted,64,1,fixed_updates,100,1,True,0,False
Single,7543.945536215161,,9852.072322029177,3277.778082655868,23423.33272098965,1.305957509201745,generalized,117,10,5,0.0,1.0,1.0,models/,9,1,age_weighted,64,1,fixed_updates,100,1,True,0,False
Centralized,1324.37111229715,,701.9193510313539,1216.2716070224392,2360.7188007788,0.5300020096435505,generalized,117,10,5,0.0,1.0,1.0,models/,9,1,age_weighted,64,1,fixed_updates,100,1,True,0,False
Gossip,1287.1969435551612,,1427.376959351804,854.8863978304651,3197.3492319754528,1.1089033162318378,classical,108,10,5,0.0,0.4,0.5,models/,9,1,simple_avg,64,5,fixed_updates,20,1,True,0,False
Single,1509.578357949136,,2767.6362442233403,868.2042521717383,3216.730579669545,1.833383626394433,classical,108,10,5,0.0,0.4,0.5,models/,9,1,simple_avg,64,5,fixed_updates,20,1,True,0,False
Centralized,1321.7725735377264,,1403.0990796941414,886.4274257976384,3185.40773310492,1.0615283656088763,classical,108,10,5,0.0,0.4,0.5,models/,9,1,simple_avg,64,5,fixed_updates,20,1,True,0,False
Gossip,6644.862246578316,,8607.204016259697,2803.6521333394503,20182.6637662639,1.2953171483264176,generalized,108,10,5,0.0,0.4,0.5,models/,9,1,simple_avg,64,5,fixed_updates,20,1,True,0,False
Single,7543.945536215161,,9852.072322029177,3277.778082655868,23423.33272098965,1.305957509201745,generalized,108,10,5,0.0,0.4,0.5,models/,9,1,simple_avg,64,5,fixed_updates,20,1,True,0,False
Centralized,1324.37111229715,,701.9193510313539,1216.2716070224392,2360.7188007788,0.5300020096435505,generalized,108,10,5,0.0,0.4,0.5,models/,9,1,simple_avg,64,5,fixed_updates,20,1,True,0,False
Gossip,1300.954826546745,,1444.298727307029,859.3016093966623,3233.145774454777,1.110183611171785,classical,126,10,5,0.0,1.0,0.25,models/,9,1,simple_avg,64,1,fixed_updates,100,1,True,0,False
Single,1509.578357949136,,2767.6362442233403,868.2042521717383,3216.730579669545,1.833383626394433,classical,126,10,5,0.0,1.0,0.25,models/,9,1,simple_avg,64,1,fixed_updates,100,1,True,0,False
Centralized,1321.7725735377264,,1403.0990796941414,886.4274257976384,3185.40773310492,1.0615283656088763,classical,126,10,5,0.0,1.0,0.25,models/,9,1,simple_avg,64,1,fixed_updates,100,1,True,0,False
Gossip,3378.230698701881,,3248.912148518929,1991.409070907244,8179.65977366136,0.9617200358067184,generalized,126,10,5,0.0,1.0,0.25,models/,9,1,simple_avg,64,1,fixed_updates,100,1,True,0,False
Single,7543.945536215161,,9852.072322029177,3277.778082655868,23423.33272098965,1.305957509201745,generalized,126,10,5,0.0,1.0,0.25,models/,9,1,simple_avg,64,1,fixed_updates,100,1,True,0,False
Centralized,1324.37111229715,,701.9193510313539,1216.2716070224392,2360.7188007788,0.5300020096435505,generalized,126,10,5,0.0,1.0,0.25,models/,9,1,simple_avg,64,1,fixed_updates,100,1,True,0,False
Gossip,1325.7947426782166,,1466.4735479340115,879.4494129368952,3272.219481433113,1.1061090383958017,classical,125,10,5,0.0,1.0,0.25,models/,9,1,improved_overwrite,64,1,fixed_updates,100,1,True,0,False
Single,1509.578357949136,,2767.6362442233403,868.2042521717383,3216.730579669545,1.833383626394433,classical,125,10,5,0.0,1.0,0.25,models/,9,1,improved_overwrite,64,1,fixed_updates,100,1,True,0,False
Centralized,1321.7725735377264,,1403.0990796941414,886.4274257976384,3185.40773310492,1.0615283656088763,classical,125,10,5,0.0,1.0,0.25,models/,9,1,improved_overwrite,64,1,fixed_updates,100,1,True,0,False
Gossip,3954.6951883587376,,5372.021008244744,1946.045785975736,8488.874014257077,1.3583906603113498,generalized,125,10,5,0.0,1.0,0.25,models/,9,1,improved_overwrite,64,1,fixed_updates,100,1,True,0,False
Single,7543.945536215161,,9852.072322029177,3277.778082655868,23423.33272098965,1.305957509201745,generalized,125,10,5,0.0,1.0,0.25,models/,9,1,improved_overwrite,64,1,fixed_updates,100,1,True,0,False
Centralized,1324.37111229715,,701.9193510313539,1216.2716070224392,2360.7188007788,0.5300020096435505,generalized,125,10,5,0.0,1.0,0.25,models/,9,1,improved_overwrite,64,1,fixed_updates,100,1,True,0,False
Gossip,1326.732856569363,,1450.6597535270607,881.9170910255123,3272.154144470141,1.0934075736076552,classical,178,10,5,0.1,1.0,1.0,models/,9,1,age_weighted,64,4,no_improvements,30,1,True,0,False
Single,1509.578357949136,,2767.6362442233403,868.2042521717383,3216.730579669545,1.833383626394433,classical,178,10,5,0.1,1.0,1.0,models/,9,1,age_weighted,64,4,no_improvements,30,1,True,0,False
Centralized,1321.7725735377264,,1403.0990796941414,886.4274257976384,3185.40773310492,1.0615283656088763,classical,178,10,5,0.1,1.0,1.0,models/,9,1,age_weighted,64,4,no_improvements,30,1,True,0,False
Gossip,6159.234938128763,,7894.3337065476035,2538.495915382596,18413.282371044326,1.281706865519564,generalized,178,10,5,0.1,1.0,1.0,models/,9,1,age_weighted,64,4,no_improvements,30,1,True,0,False
Single,7543.945536215161,,9852.072322029177,3277.778082655868,23423.33272098965,1.305957509201745,generalized,178,10,5,0.1,1.0,1.0,models/,9,1,age_weighted,64,4,no_improvements,30,1,True,0,False
Centralized,1324.37111229715,,701.9193510313539,1216.2716070224392,2360.7188007788,0.5300020096435505,generalized,178,10,5,0.1,1.0,1.0,models/,9,1,age_weighted,64,4,no_improvements,30,1,True,0,False
Gossip,1323.8765123431544,,1452.1034427974666,890.192531582833,3274.399248774333,1.0968571685189588,classical,95,10,5,0.0,1.0,0.5,models/,9,1,improved_overwrite,64,1,fixed_updates,100,1,True,0,False
Single,1329.9837731693704,,1436.0007815246422,893.3699259799882,3349.309147307056,1.079713008905839,classical,95,10,5,0.0,1.0,0.5,models/,9,1,improved_overwrite,64,1,fixed_updates,100,1,True,0,False
Centralized,1367.1785136642409,,1449.607223191321,909.330316499242,3297.2730398400995,1.0602911095392795,classical,95,10,5,0.0,1.0,0.5,models/,9,1,improved_overwrite,64,1,fixed_updates,100,1,True,0,False
Gossip,2757.8029671269865,,5069.827084127802,1325.9551709017549,6714.239808176257,1.8383572519720024,generalized,95,10,5,0.0,1.0,0.5,models/,9,1,improved_overwrite,64,1,fixed_updates,100,1,True,0,False
Single,5231.003065575101,,10138.9828339666,1638.210778202525,13630.610873235268,1.938248306656634,generalized,95,10,5,0.0,1.0,0.5,models/,9,1,improved_overwrite,64,1,fixed_updates,100,1,True,0,False
Centralized,1226.682779748716,,991.5445495799252,953.784968913884,2261.178416560821,0.808313743332275,generalized,95,10,5,0.0,1.0,0.5,models/,9,1,improved_overwrite,64,1,fixed_updates,100,1,True,0,False
Gossip,1303.1502297853697,,1440.425300959064,868.9722460018656,3241.655794468085,1.1053409407726569,classical,162,10,5,0.0,1.0,1.0,models/,9,1,age_weighted,64,2,fixed_updates,50,1,True,0,False
Single,1509.578357949136,,2767.6362442233403,868.2042521717383,3216.730579669545,1.833383626394433,classical,162,10,5,0.0,1.0,1.0,models/,9,1,age_weighted,64,2,fixed_updates,50,1,True,0,False
Centralized,1321.7725735377264,,1403.0990796941414,886.4274257976384,3185.40773310492,1.0615283656088763,classical,162,10,5,0.0,1.0,1.0,models/,9,1,age_weighted,64,2,fixed_updates,50,1,True,0,False
Gossip,3822.008247131933,,3939.2683064340895,2004.589774451901,10424.764608985755,1.0306802214228998,generalized,162,10,5,0.0,1.0,1.0,models/,9,1,age_weighted,64,2,fixed_updates,50,1,True,0,False
Single,7543.945536215161,,9852.072322029177,3277.778082655868,23423.33272098965,1.305957509201745,generalized,162,10,5,0.0,1.0,1.0,models/,9,1,age_weighted,64,2,fixed_updates,50,1,True,0,False
Centralized,1324.37111229715,,701.9193510313539,1216.2716070224392,2360.7188007788,0.5300020096435505,generalized,162,10,5,0.0,1.0,1.0,models/,9,1,age_weighted,64,2,fixed_updates,50,1,True,0,False
Gossip,1307.1384505544331,,1447.8345273692423,863.5257253370901,3308.256600606347,1.1076367057790488,classical,85,10,5,0.0,1.0,0.5,models/,9,1,age_weighted,64,1,fixed_updates,100,1,True,0,False
Single,1509.578357949136,,2767.6362442233403,868.2042521717383,3216.730579669545,1.833383626394433,classical,85,10,5,0.0,1.0,0.5,models/,9,1,age_weighted,64,1,fixed_updates,100,1,True,0,False
Centralized,1321.7725735377264,,1403.0990796941414,886.4274257976384,3185.40773310492,1.0615283656088763,classical,85,10,5,0.0,1.0,0.5,models/,9,1,age_weighted,64,1,fixed_updates,100,1,True,0,False
Gossip,3162.257235643173,,3183.7280668313965,1746.8018668976638,7342.587113133308,1.0067897168346132,generalized,85,10,5,0.0,1.0,0.5,models/,9,1,age_weighted,64,1,fixed_updates,100,1,True,0,False
Single,7543.945536215161,,9852.072322029177,3277.778082655868,23423.33272098965,1.305957509201745,generalized,85,10,5,0.0,1.0,0.5,models/,9,1,age_weighted,64,1,fixed_updates,100,1,True,0,False
Centralized,1324.37111229715,,701.9193510313539,1216.2716070224392,2360.7188007788,0.5300020096435505,generalized,85,10,5,0.0,1.0,0.5,models/,9,1,age_weighted,64,1,fixed_updates,100,1,True,0,False
Gossip,1285.4946094332126,,1417.2821788381582,848.563534856112,3214.187723515534,1.1025189591911646,classical,87,10,5,0.0,0.2,0.5,models/,9,1,age_weighted,64,1,fixed_updates,100,1,True,0,False
Single,1509.578357949136,,2767.6362442233403,868.2042521717383,3216.730579669545,1.833383626394433,classical,87,10,5,0.0,0.2,0.5,models/,9,1,age_weighted,64,1,fixed_updates,100,1,True,0,False
Centralized,1321.7725735377264,,1403.0990796941414,886.4274257976384,3185.40773310492,1.0615283656088763,classical,87,10,5,0.0,0.2,0.5,models/,9,1,age_weighted,64,1,fixed_updates,100,1,True,0,False
Gossip,5990.4327533732985,,7344.654083623467,2780.665385704011,18275.57477954553,1.226064023419274,generalized,87,10,5,0.0,0.2,0.5,models/,9,1,age_weighted,64,1,fixed_updates,100,1,True,0,False
Single,7543.945536215161,,9852.072322029177,3277.778082655868,23423.33272098965,1.305957509201745,generalized,87,10,5,0.0,0.2,0.5,models/,9,1,age_weighted,64,1,fixed_updates,100,1,True,0,False
Centralized,1324.37111229715,,701.9193510313539,1216.2716070224392,2360.7188007788,0.5300020096435505,generalized,87,10,5,0.0,0.2,0.5,models/,9,1,age_weighted,64,1,fixed_updates,100,1,True,0,False
Gossip,1294.5256851576169,,1438.7572507726863,854.3746520332257,3188.756669175704,1.1114165344641334,classical,168,10,5,0.0,0.2,0.5,models/,9,1,age_weighted,64,1,fixed_updates,100,3,True,0,False
Single,1509.578357949136,,2767.6362442233403,868.2042521717383,3216.730579669545,1.833383626394433,classical,168,10,5,0.0,0.2,0.5,models/,9,1,age_weighted,64,1,fixed_updates,100,3,True,0,False
Centralized,1321.7725735377264,,1403.0990796941414,886.4274257976384,3185.40773310492,1.0615283656088763,classical,168,10,5,0.0,0.2,0.5,models/,9,1,age_weighted,64,1,fixed_updates,100,3,True,0,False
Gossip,4704.019730117603,,5445.958123647939,2390.950019274096,11570.952319168742,1.1577243370770869,generalized,168,10,5,0.0,0.2,0.5,models/,9,1,age_weighted,64,1,fixed_updates,100,3,True,0,False
Single,7543.945536215161,,9852.072322029177,3277.778082655868,23423.33272098965,1.305957509201745,generalized,168,10,5,0.0,0.2,0.5,models/,9,1,age_weighted,64,1,fixed_updates,100,3,True,0,False
Centralized,1324.37111229715,,701.9193510313539,1216.2716070224392,2360.7188007788,0.5300020096435505,generalized,168,10,5,0.0,0.2,0.5,models/,9,1,age_weighted,64,1,fixed_updates,100,3,True,0,False
Gossip,1296.6766994511177,,1435.46628966677,855.1148726896735,3200.146842306933,1.1070348455203998,classical,120,10,5,0.0,0.6,0.5,models/,9,1,simple_avg,64,1,fixed_updates,100,1,True,0,False
Single,1509.578357949136,,2767.6362442233403,868.2042521717383,3216.730579669545,1.833383626394433,classical,120,10,5,0.0,0.6,0.5,models/,9,1,simple_avg,64,1,fixed_updates,100,1,True,0,False
Centralized,1321.7725735377264,,1403.0990796941414,886.4274257976384,3185.40773310492,1.0615283656088763,classical,120,10,5,0.0,0.6,0.5,models/,9,1,simple_avg,64,1,fixed_updates,100,1,True,0,False
Gossip,3950.698004931415,,4267.175912125405,2323.7944244768523,9212.671665387785,1.0801068334757429,generalized,120,10,5,0.0,0.6,0.5,models/,9,1,simple_avg,64,1,fixed_updates,100,1,True,0,False
Single,7543.945536215161,,9852.072322029177,3277.778082655868,23423.33272098965,1.305957509201745,generalized,120,10,5,0.0,0.6,0.5,models/,9,1,simple_avg,64,1,fixed_updates,100,1,True,0,False
Centralized,1324.37111229715,,701.9193510313539,1216.2716070224392,2360.7188007788,0.5300020096435505,generalized,120,10,5,0.0,0.6,0.5,models/,9,1,simple_avg,64,1,fixed_updates,100,1,True,0,False
Gossip,1290.288891195354,,1419.7852195592975,852.5316224911713,3230.43088463348,1.1003622748731683,classical,111,10,5,0.0,0.6,0.5,models/,9,1,age_weighted,64,5,fixed_updates,20,1,True,0,False
Single,1509.578357949136,,2767.6362442233403,868.2042521717383,3216.730579669545,1.833383626394433,classical,111,10,5,0.0,0.6,0.5,models/,9,1,age_weighted,64,5,fixed_updates,20,1,True,0,False
Centralized,1321.7725735377264,,1403.0990796941414,886.4274257976384,3185.40773310492,1.0615283656088763,classical,111,10,5,0.0,0.6,0.5,models/,9,1,age_weighted,64,5,fixed_updates,20,1,True,0,False
Gossip,6231.791388147114,,7632.637646234978,2958.088875158655,19107.053903492982,1.2247903003865437,generalized,111,10,5,0.0,0.6,0.5,models/,9,1,age_weighted,64,5,fixed_updates,20,1,True,0,False
Single,7543.945536215161,,9852.072322029177,3277.778082655868,23423.33272098965,1.305957509201745,generalized,111,10,5,0.0,0.6,0.5,models/,9,1,age_weighted,64,5,fixed_updates,20,1,True,0,False
Centralized,1324.37111229715,,701.9193510313539,1216.2716070224392,2360.7188007788,0.5300020096435505,generalized,111,10,5,0.0,0.6,0.5,models/,9,1,age_weighted,64,5,fixed_updates,20,1,True,0,False
Gossip,1400.983787519352,,1728.3718111943078,888.1456353687246,3385.9638586383776,1.2336843770723749,classical,128,10,5,0.0,1.0,0.25,models/,9,1,overwrite,64,1,fixed_updates,100,1,True,0,False
Single,1509.578357949136,,2767.6362442233403,868.2042521717383,3216.730579669545,1.833383626394433,classical,128,10,5,0.0,1.0,0.25,models/,9,1,overwrite,64,1,fixed_updates,100,1,True,0,False
Centralized,1321.7725735377264,,1403.0990796941414,886.4274257976384,3185.40773310492,1.0615283656088763,classical,128,10,5,0.0,1.0,0.25,models/,9,1,overwrite,64,1,fixed_updates,100,1,True,0,False
Gossip,3377.1506022376707,,3949.409970368867,1662.4252152138884,8363.209878320142,1.1694503549092603,generalized,128,10,5,0.0,1.0,0.25,models/,9,1,overwrite,64,1,fixed_updates,100,1,True,0,False
Single,7543.945536215161,,9852.072322029177,3277.778082655868,23423.33272098965,1.305957509201745,generalized,128,10,5,0.0,1.0,0.25,models/,9,1,overwrite,64,1,fixed_updates,100,1,True,0,False
Centralized,1324.37111229715,,701.9193510313539,1216.2716070224392,2360.7188007788,0.5300020096435505,generalized,128,10,5,0.0,1.0,0.25,models/,9,1,overwrite,64,1,fixed_updates,100,1,True,0,False
Gossip,1338.7764917614209,,1474.9205901042394,892.166465711111,3348.343677640496,1.1016929257278,classical,115,10,5,0.0,1.0,1.0,models/,9,1,improved_overwrite,64,1,fixed_updates,100,1,True,0,False
Single,1509.578357949136,,2767.6362442233403,868.2042521717383,3216.730579669545,1.833383626394433,classical,115,10,5,0.0,1.0,1.0,models/,9,1,improved_overwrite,64,1,fixed_updates,100,1,True,0,False
Centralized,1321.7725735377264,,1403.0990796941414,886.4274257976384,3185.40773310492,1.0615283656088763,classical,115,10,5,0.0,1.0,1.0,models/,9,1,improved_overwrite,64,1,fixed_updates,100,1,True,0,False
Gossip,4182.882980188061,,5995.034966789256,1889.5906367491152,9880.305637245783,1.4332303808603608,generalized,115,10,5,0.0,1.0,1.0,models/,9,1,improved_overwrite,64,1,fixed_updates,100,1,True,0,False
Single,7543.945536215161,,9852.072322029177,3277.778082655868,23423.33272098965,1.305957509201745,generalized,115,10,5,0.0,1.0,1.0,models/,9,1,improved_overwrite,64,1,fixed_updates,100,1,True,0,False
Centralized,1324.37111229715,,701.9193510313539,1216.2716070224392,2360.7188007788,0.5300020096435505,generalized,115,10,5,0.0,1.0,1.0,models/,9,1,improved_overwrite,64,1,fixed_updates,100,1,True,0,False
Gossip,1331.5091942031254,,1442.6506227438852,885.2798398845691,3276.780729637331,1.0834702674413563,classical,183,10,5,1.0,1.0,1.0,models/,9,1,age_weighted,64,4,no_improvements,30,1,True,0,False
Single,1509.578357949136,,2767.6362442233403,868.2042521717383,3216.730579669545,1.833383626394433,classical,183,10,5,1.0,1.0,1.0,models/,9,1,age_weighted,64,4,no_improvements,30,1,True,0,False
Centralized,1321.7725735377264,,1403.0990796941414,886.4274257976384,3185.40773310492,1.0615283656088763,classical,183,10,5,1.0,1.0,1.0,models/,9,1,age_weighted,64,4,no_improvements,30,1,True,0,False
Gossip,6168.109398105921,,7501.203419626363,2616.0215430740072,16793.123324778793,1.216126844625973,generalized,183,10,5,1.0,1.0,1.0,models/,9,1,age_weighted,64,4,no_improvements,30,1,True,0,False
Single,7543.945536215161,,9852.072322029177,3277.778082655868,23423.33272098965,1.305957509201745,generalized,183,10,5,1.0,1.0,1.0,models/,9,1,age_weighted,64,4,no_improvements,30,1,True,0,False
Centralized,1324.37111229715,,701.9193510313539,1216.2716070224392,2360.7188007788,0.5300020096435505,generalized,183,10,5,1.0,1.0,1.0,models/,9,1,age_weighted,64,4,no_improvements,30,1,True,0,False
Gossip,1282.0025810556033,,1400.72838436062,852.2626435080045,3145.540895847081,1.0926096445197933,classical,106,10,5,0.0,0.2,0.5,models/,9,1,simple_avg,64,5,fixed_updates,20,1,True,0,False
Single,1509.578357949136,,2767.6362442233403,868.2042521717383,3216.730579669545,1.833383626394433,classical,106,10,5,0.0,0.2,0.5,models/,9,1,simple_avg,64,5,fixed_updates,20,1,True,0,False
Centralized,1321.7725735377264,,1403.0990796941414,886.4274257976384,3185.40773310492,1.0615283656088763,classical,106,10,5,0.0,0.2,0.5,models/,9,1,simple_avg,64,5,fixed_updates,20,1,True,0,False
Gossip,7202.851198129039,,9242.26015704877,3348.619083591807,21277.76693747344,1.283139121275957,generalized,106,10,5,0.0,0.2,0.5,models/,9,1,simple_avg,64,5,fixed_updates,20,1,True,0,False
Single,7543.945536215161,,9852.072322029177,3277.778082655868,23423.33272098965,1.305957509201745,generalized,106,10,5,0.0,0.2,0.5,models/,9,1,simple_avg,64,5,fixed_updates,20,1,True,0,False
Centralized,1324.37111229715,,701.9193510313539,1216.2716070224392,2360.7188007788,0.5300020096435505,generalized,106,10,5,0.0,0.2,0.5,models/,9,1,simple_avg,64,5,fixed_updates,20,1,True,0,False
Gossip,1296.4934507423036,,1435.9860494393802,853.5146120442239,3241.4178776608305,1.1075922123765534,classical,121,10,5,0.0,0.6,0.5,models/,9,1,age_weighted,64,1,fixed_updates,100,1,True,0,False
Single,1509.578357949136,,2767.6362442233403,868.2042521717383,3216.730579669545,1.833383626394433,classical,121,10,5,0.0,0.6,0.5,models/,9,1,age_weighted,64,1,fixed_updates,100,1,True,0,False
Centralized,1321.7725735377264,,1403.0990796941414,886.4274257976384,3185.40773310492,1.0615283656088763,classical,121,10,5,0.0,0.6,0.5,models/,9,1,age_weighted,64,1,fixed_updates,100,1,True,0,False
Gossip,4084.1452639235663,,4358.081804923453,2347.3324304852845,10779.29897588379,1.067073162999281,generalized,121,10,5,0.0,0.6,0.5,models/,9,1,age_weighted,64,1,fixed_updates,100,1,True,0,False
Single,7543.945536215161,,9852.072322029177,3277.778082655868,23423.33272098965,1.305957509201745,generalized,121,10,5,0.0,0.6,0.5,models/,9,1,age_weighted,64,1,fixed_updates,100,1,True,0,False
Centralized,1324.37111229715,,701.9193510313539,1216.2716070224392,2360.7188007788,0.5300020096435505,generalized,121,10,5,0.0,0.6,0.5,models/,9,1,age_weighted,64,1,fixed_updates,100,1,True,0,False
Gossip,1283.288633636649,,1411.85978356829,846.0926059233326,3163.59703350066,1.100188801304419,classical,110,10,5,0.0,0.6,0.5,models/,9,1,simple_avg,64,5,fixed_updates,20,1,True,0,False
Single,1509.578357949136,,2767.6362442233403,868.2042521717383,3216.730579669545,1.833383626394433,classical,110,10,5,0.0,0.6,0.5,models/,9,1,simple_avg,64,5,fixed_updates,20,1,True,0,False
Centralized,1321.7725735377264,,1403.0990796941414,886.4274257976384,3185.40773310492,1.0615283656088763,classical,110,10,5,0.0,0.6,0.5,models/,9,1,simple_avg,64,5,fixed_updates,20,1,True,0,False
Gossip,5951.6225915836,,7189.355408520732,2861.851945227144,17534.338684300583,1.2079656090235718,generalized,110,10,5,0.0,0.6,0.5,models/,9,1,simple_avg,64,5,fixed_updates,20,1,True,0,False
Single,7543.945536215161,,9852.072322029177,3277.778082655868,23423.33272098965,1.305957509201745,generalized,110,10,5,0.0,0.6,0.5,models/,9,1,simple_avg,64,5,fixed_updates,20,1,True,0,False
Centralized,1324.37111229715,,701.9193510313539,1216.2716070224392,2360.7188007788,0.5300020096435505,generalized,110,10,5,0.0,0.6,0.5,models/,9,1,simple_avg,64,5,fixed_updates,20,1,True,0,False
Gossip,1303.5362130473775,,1445.5827363890642,860.7582728714211,3260.498457532047,1.1089701397781755,classical,123,10,5,0.0,0.8,0.5,models/,9,1,age_weighted,64,1,fixed_updates,100,1,True,0,False
Single,1509.578357949136,,2767.6362442233403,868.2042521717383,3216.730579669545,1.833383626394433,classical,123,10,5,0.0,0.8,0.5,models/,9,1,age_weighted,64,1,fixed_updates,100,1,True,0,False
Centralized,1321.7725735377264,,1403.0990796941414,886.4274257976384,3185.40773310492,1.0615283656088763,classical,123,10,5,0.0,0.8,0.5,models/,9,1,age_weighted,64,1,fixed_updates,100,1,True,0,False
Gossip,3377.9755405616497,,3525.4472394341865,1977.433321824854,7597.522697732214,1.043656828506229,generalized,123,10,5,0.0,0.8,0.5,models/,9,1,age_weighted,64,1,fixed_updates,100,1,True,0,False
Single,7543.945536215161,,9852.072322029177,3277.778082655868,23423.33272098965,1.305957509201745,generalized,123,10,5,0.0,0.8,0.5,models/,9,1,age_weighted,64,1,fixed_updates,100,1,True,0,False
Centralized,1324.37111229715,,701.9193510313539,1216.2716070224392,2360.7188007788,0.5300020096435505,generalized,123,10,5,0.0,0.8,0.5,models/,9,1,age_weighted,64,1,fixed_updates,100,1,True,0,False
Gossip,1303.3390096476378,,1447.4308711033586,853.6422439249877,3240.633998248515,1.1105559339428324,classical,127,10,5,0.0,1.0,0.25,models/,9,1,age_weighted,64,1,fixed_updates,100,1,True,0,False
Single,1509.578357949136,,2767.6362442233403,868.2042521717383,3216.730579669545,1.833383626394433,classical,127,10,5,0.0,1.0,0.25,models/,9,1,age_weighted,64,1,fixed_updates,100,1,True,0,False
Centralized,1321.7725735377264,,1403.0990796941414,886.4274257976384,3185.40773310492,1.0615283656088763,classical,127,10,5,0.0,1.0,0.25,models/,9,1,age_weighted,64,1,fixed_updates,100,1,True,0,False
Gossip,3303.6096901583423,,3285.2292415811044,2088.317046898799,7860.116361960408,0.9944362529774644,generalized,127,10,5,0.0,1.0,0.25,models/,9,1,age_weighted,64,1,fixed_updates,100,1,True,0,False
Single,7543.945536215161,,9852.072322029177,3277.778082655868,23423.33272098965,1.305957509201745,generalized,127,10,5,0.0,1.0,0.25,models/,9,1,age_weighted,64,1,fixed_updates,100,1,True,0,False
Centralized,1324.37111229715,,701.9193510313539,1216.2716070224392,2360.7188007788,0.5300020096435505,generalized,127,10,5,0.0,1.0,0.25,models/,9,1,age_weighted,64,1,fixed_updates,100,1,True,0,False
Gossip,1340.7683512783913,,1542.451715976226,862.2038518911688,3286.3169216132696,1.1504237212233823,classical,90,10,5,0.0,1.0,0.5,models/,9,1,simple_avg,64,1,fixed_updates,100,3,True,0,False
Single,1509.578357949136,,2767.6362442233403,868.2042521717383,3216.730579669545,1.833383626394433,classical,90,10,5,0.0,1.0,0.5,models/,9,1,simple_avg,64,1,fixed_updates,100,3,True,0,False
Centralized,1321.7725735377264,,1403.0990796941414,886.4274257976384,3185.40773310492,1.0615283656088763,classical,90,10,5,0.0,1.0,0.5,models/,9,1,simple_avg,64,1,fixed_updates,100,3,True,0,False
Gossip,3021.373517626395,,2802.2932364192693,1883.353311628754,7177.944608985701,0.9274898386680652,generalized,90,10,5,0.0,1.0,0.5,models/,9,1,simple_avg,64,1,fixed_updates,100,3,True,0,False
Single,7543.945536215161,,9852.072322029177,3277.778082655868,23423.33272098965,1.305957509201745,generalized,90,10,5,0.0,1.0,0.5,models/,9,1,simple_avg,64,1,fixed_updates,100,3,True,0,False
Centralized,1324.37111229715,,701.9193510313539,1216.2716070224392,2360.7188007788,0.5300020096435505,generalized,90,10,5,0.0,1.0,0.5,models/,9,1,simple_avg,64,1,fixed_updates,100,3,True,0,False
Gossip,1304.3076204064032,,1452.63335277457,862.8373754828347,3225.261540447331,1.113719900158178,classical,130,10,5,0.0,1.0,0.25,models/,9,1,simple_avg,64,1,fixed_updates,100,1,True,0,False
Single,1509.578357949136,,2767.6362442233403,868.2042521717383,3216.730579669545,1.833383626394433,classical,130,10,5,0.0,1.0,0.25,models/,9,1,simple_avg,64,1,fixed_updates,100,1,True,0,False
Centralized,1321.7725735377264,,1403.0990796941414,886.4274257976384,3185.40773310492,1.0615283656088763,classical,130,10,5,0.0,1.0,0.25,models/,9,1,simple_avg,64,1,fixed_updates,100,1,True,0,False
Gossip,3602.5689619991176,,4050.777374049453,2076.1841994247707,8399.501393126779,1.1244135550986425,generalized,130,10,5,0.0,1.0,0.25,models/,9,1,simple_avg,64,1,fixed_updates,100,1,True,0,False
Single,7543.945536215161,,9852.072322029177,3277.778082655868,23423.33272098965,1.305957509201745,generalized,130,10,5,0.0,1.0,0.25,models/,9,1,simple_avg,64,1,fixed_updates,100,1,True,0,False
Centralized,1324.37111229715,,701.9193510313539,1216.2716070224392,2360.7188007788,0.5300020096435505,generalized,130,10,5,0.0,1.0,0.25,models/,9,1,simple_avg,64,1,fixed_updates,100,1,True,0,False
Gossip,1326.3973820277454,,1454.335910535029,866.5676404420253,3292.510254540499,,classical,98,10,5,0.0,1.0,0.5,models/,9,1,overwrite,64,5,fixed_updates,20,1,True,0,False
Single,1509.578357949136,,2767.6362442233403,868.2042521717383,3216.730579669545,,classical,98,10,5,0.0,1.0,0.5,models/,9,1,overwrite,64,5,fixed_updates,20,1,True,0,False
Centralized,1321.7725735377264,,1403.0990796941414,886.4274257976384,3185.40773310492,,classical,98,10,5,0.0,1.0,0.5,models/,9,1,overwrite,64,5,fixed_updates,20,1,True,0,False
Gossip,4272.784363060597,,6097.848151372543,2011.070687508779,9546.439309381982,,generalized,98,10,5,0.0,1.0,0.5,models/,9,1,overwrite,64,5,fixed_updates,20,1,True,0,False
Single,7543.945536215161,,9852.072322029177,3277.778082655868,23423.33272098965,,generalized,98,10,5,0.0,1.0,0.5,models/,9,1,overwrite,64,5,fixed_updates,20,1,True,0,False
Centralized,1324.37111229715,,701.9193510313539,1216.2716070224392,2360.7188007788,,generalized,98,10,5,0.0,1.0,0.5,models/,9,1,overwrite,64,5,fixed_updates,20,1,True,0,False
Gossip,1283.5937371768368,,1389.7109652248778,854.4620149703912,3163.173254016291,1.0826719739856612,classical,107,10,5,0.0,0.2,0.5,models/,9,1,age_weighted,64,5,fixed_updates,20,1,True,0,False
Single,1509.578357949136,,2767.6362442233403,868.2042521717383,3216.730579669545,1.833383626394433,classical,107,10,5,0.0,0.2,0.5,models/,9,1,age_weighted,64,5,fixed_updates,20,1,True,0,False
Centralized,1321.7725735377264,,1403.0990796941414,886.4274257976384,3185.40773310492,1.0615283656088763,classical,107,10,5,0.0,0.2,0.5,models/,9,1,age_weighted,64,5,fixed_updates,20,1,True,0,False
Gossip,7269.166247720841,,9208.886133179984,3411.715694299465,21746.483230498878,1.2668421410869946,generalized,107,10,5,0.0,0.2,0.5,models/,9,1,age_weighted,64,5,fixed_updates,20,1,True,0,False
Single,7543.945536215161,,9852.072322029177,3277.778082655868,23423.33272098965,1.305957509201745,generalized,107,10,5,0.0,0.2,0.5,models/,9,1,age_weighted,64,5,fixed_updates,20,1,True,0,False
Centralized,1324.37111229715,,701.9193510313539,1216.2716070224392,2360.7188007788,0.5300020096435505,generalized,107,10,5,0.0,0.2,0.5,models/,9,1,age_weighted,64,5,fixed_updates,20,1,True,0,False
Gossip,1328.1811541545023,,1455.520644324171,866.1261759207468,3239.120048695514,1.095875091866313,classical,179,10,5,0.1,1.0,1.0,models/,9,1,age_weighted,64,4,no_improvements,30,1,True,0,False
Single,1509.578357949136,,2767.6362442233403,868.2042521717383,3216.730579669545,1.833383626394433,classical,179,10,5,0.1,1.0,1.0,models/,9,1,age_weighted,64,4,no_improvements,30,1,True,0,False
Centralized,1321.7725735377264,,1403.0990796941414,886.4274257976384,3185.40773310492,1.0615283656088763,classical,179,10,5,0.1,1.0,1.0,models/,9,1,age_weighted,64,4,no_improvements,30,1,True,0,False
Gossip,6361.3749744355655,,8122.671119960008,2651.948514860256,18800.444714883437,1.2768734986701078,generalized,179,10,5,0.1,1.0,1.0,models/,9,1,age_weighted,64,4,no_improvements,30,1,True,0,False
Single,7543.945536215161,,9852.072322029177,3277.778082655868,23423.33272098965,1.305957509201745,generalized,179,10,5,0.1,1.0,1.0,models/,9,1,age_weighted,64,4,no_improvements,30,1,True,0,False
Centralized,1324.37111229715,,701.9193510313539,1216.2716070224392,2360.7188007788,0.5300020096435505,generalized,179,10,5,0.1,1.0,1.0,models/,9,1,age_weighted,64,4,no_improvements,30,1,True,0,False
Gossip,1289.2494978718162,,1416.470303108035,855.8228593225516,3222.839724442745,1.0986781887029813,classical,113,10,5,0.0,0.8,0.5,models/,9,1,age_weighted,64,5,fixed_updates,20,1,True,0,False
Single,1509.578357949136,,2767.6362442233403,868.2042521717383,3216.730579669545,1.833383626394433,classical,113,10,5,0.0,0.8,0.5,models/,9,1,age_weighted,64,5,fixed_updates,20,1,True,0,False
Centralized,1321.7725735377264,,1403.0990796941414,886.4274257976384,3185.40773310492,1.0615283656088763,classical,113,10,5,0.0,0.8,0.5,models/,9,1,age_weighted,64,5,fixed_updates,20,1,True,0,False
Gossip,5794.825915277849,,7347.146443693047,2719.9324989070624,16342.332365077904,1.2678804421583332,generalized,113,10,5,0.0,0.8,0.5,models/,9,1,age_weighted,64,5,fixed_updates,20,1,True,0,False
Single,7543.945536215161,,9852.072322029177,3277.778082655868,23423.33272098965,1.305957509201745,generalized,113,10,5,0.0,0.8,0.5,models/,9,1,age_weighted,64,5,fixed_updates,20,1,True,0,False
Centralized,1324.37111229715,,701.9193510313539,1216.2716070224392,2360.7188007788,0.5300020096435505,generalized,113,10,5,0.0,0.8,0.5,models/,9,1,age_weighted,64,5,fixed_updates,20,1,True,0,False
Gossip,1286.6900566358047,,1417.2986641504242,857.1493158799565,3190.731764266259,1.101507435175267,classical,109,10,5,0.0,0.4,0.5,models/,9,1,age_weighted,64,5,fixed_updates,20,1,True,0,False
Single,1509.578357949136,,2767.6362442233403,868.2042521717383,3216.730579669545,1.833383626394433,classical,109,10,5,0.0,0.4,0.5,models/,9,1,age_weighted,64,5,fixed_updates,20,1,True,0,False
Centralized,1321.7725735377264,,1403.0990796941414,886.4274257976384,3185.40773310492,1.0615283656088763,classical,109,10,5,0.0,0.4,0.5,models/,9,1,age_weighted,64,5,fixed_updates,20,1,True,0,False
Gossip,6759.751787237764,,8604.14402870502,3163.702249037396,20550.108727118382,1.2728491074109292,generalized,109,10,5,0.0,0.4,0.5,models/,9,1,age_weighted,64,5,fixed_updates,20,1,True,0,False
Single,7543.945536215161,,9852.072322029177,3277.778082655868,23423.33272098965,1.305957509201745,generalized,109,10,5,0.0,0.4,0.5,models/,9,1,age_weighted,64,5,fixed_updates,20,1,True,0,False
Centralized,1324.37111229715,,701.9193510313539,1216.2716070224392,2360.7188007788,0.5300020096435505,generalized,109,10,5,0.0,0.4,0.5,models/,9,1,age_weighted,64,5,fixed_updates,20,1,True,0,False
Gossip,1291.4765515181543,,1428.1905575138444,850.2598728709906,3209.487653388818,1.105858682323717,classical,112,10,5,0.0,0.8,0.5,models/,9,1,simple_avg,64,5,fixed_updates,20,1,True,0,False
Single,1509.578357949136,,2767.6362442233403,868.2042521717383,3216.730579669545,1.833383626394433,classical,112,10,5,0.0,0.8,0.5,models/,9,1,simple_avg,64,5,fixed_updates,20,1,True,0,False
Centralized,1321.7725735377264,,1403.0990796941414,886.4274257976384,3185.40773310492,1.0615283656088763,classical,112,10,5,0.0,0.8,0.5,models/,9,1,simple_avg,64,5,fixed_updates,20,1,True,0,False
Gossip,5614.856100208102,,6918.060042707745,2626.336265089193,15388.207954623673,1.2320992594006714,generalized,112,10,5,0.0,0.8,0.5,models/,9,1,simple_avg,64,5,fixed_updates,20,1,True,0,False
Single,7543.945536215161,,9852.072322029177,3277.778082655868,23423.33272098965,1.305957509201745,generalized,112,10,5,0.0,0.8,0.5,models/,9,1,simple_avg,64,5,fixed_updates,20,1,True,0,False
Centralized,1324.37111229715,,701.9193510313539,1216.2716070224392,2360.7188007788,0.5300020096435505,generalized,112,10,5,0.0,0.8,0.5,models/,9,1,simple_avg,64,5,fixed_updates,20,1,True,0,False
Gossip,1290.9872422983533,,1430.0158494681336,848.8343812298097,3188.393460824399,1.107691697186927,classical,119,10,5,0.0,0.4,0.5,models/,9,1,age_weighted,64,1,fixed_updates,100,1,True,0,False
Single,1509.578357949136,,2767.6362442233403,868.2042521717383,3216.730579669545,1.833383626394433,classical,119,10,5,0.0,0.4,0.5,models/,9,1,age_weighted,64,1,fixed_updates,100,1,True,0,False
Centralized,1321.7725735377264,,1403.0990796941414,886.4274257976384,3185.40773310492,1.0615283656088763,classical,119,10,5,0.0,0.4,0.5,models/,9,1,age_weighted,64,1,fixed_updates,100,1,True,0,False
Gossip,4953.8273147149375,,5757.616529248129,2701.295047858196,13186.14598862474,1.1622562038336706,generalized,119,10,5,0.0,0.4,0.5,models/,9,1,age_weighted,64,1,fixed_updates,100,1,True,0,False
Single,7543.945536215161,,9852.072322029177,3277.778082655868,23423.33272098965,1.305957509201745,generalized,119,10,5,0.0,0.4,0.5,models/,9,1,age_weighted,64,1,fixed_updates,100,1,True,0,False
Centralized,1324.37111229715,,701.9193510313539,1216.2716070224392,2360.7188007788,0.5300020096435505,generalized,119,10,5,0.0,0.4,0.5,models/,9,1,age_weighted,64,1,fixed_updates,100,1,True,0,False
Gossip,1305.8974844210686,,1449.9699994039652,864.9624992065154,3221.705269595108,1.1103245214127715,classical,122,10,5,0.0,0.8,0.5,models/,9,1,simple_avg,64,1,fixed_updates,100,1,True,0,False
Single,1509.578357949136,,2767.6362442233403,868.2042521717383,3216.730579669545,1.833383626394433,classical,122,10,5,0.0,0.8,0.5,models/,9,1,simple_avg,64,1,fixed_updates,100,1,True,0,False
Centralized,1321.7725735377264,,1403.0990796941414,886.4274257976384,3185.40773310492,1.0615283656088763,classical,122,10,5,0.0,0.8,0.5,models/,9,1,simple_avg,64,1,fixed_updates,100,1,True,0,False
Gossip,3578.29450530838,,3616.6517544949015,2118.477628226008,8495.868875548862,1.0107194220960904,generalized,122,10,5,0.0,0.8,0.5,models/,9,1,simple_avg,64,1,fixed_updates,100,1,True,0,False
Single,7543.945536215161,,9852.072322029177,3277.778082655868,23423.33272098965,1.305957509201745,generalized,122,10,5,0.0,0.8,0.5,models/,9,1,simple_avg,64,1,fixed_updates,100,1,True,0,False
Centralized,1324.37111229715,,701.9193510313539,1216.2716070224392,2360.7188007788,0.5300020096435505,generalized,122,10,5,0.0,0.8,0.5,models/,9,1,simple_avg,64,1,fixed_updates,100,1,True,0,False
Gossip,1370.7765485853088,,1578.5084172965564,882.9392849431621,3319.5535138407868,1.1515432029572104,classical,88,10,5,0.0,1.0,0.5,models/,9,1,overwrite,64,1,fixed_updates,100,1,True,0,True
Single,1509.578357949136,,2767.6362442233403,868.2042521717383,3216.730579669545,1.833383626394433,classical,88,10,5,0.0,1.0,0.5,models/,9,1,overwrite,64,1,fixed_updates,100,1,True,0,True
Centralized,1321.7725735377264,,1403.0990796941414,886.4274257976384,3185.40773310492,1.0615283656088763,classical,88,10,5,0.0,1.0,0.5,models/,9,1,overwrite,64,1,fixed_updates,100,1,True,0,True
Gossip,3560.449878442158,,4175.9941400150665,1714.6478643257828,8171.604190074727,1.1728838440613674,generalized,88,10,5,0.0,1.0,0.5,models/,9,1,overwrite,64,1,fixed_updates,100,1,True,0,True
Single,7543.945536215161,,9852.072322029177,3277.778082655868,23423.33272098965,1.305957509201745,generalized,88,10,5,0.0,1.0,0.5,models/,9,1,overwrite,64,1,fixed_updates,100,1,True,0,True
Centralized,1324.37111229715,,701.9193510313539,1216.2716070224392,2360.7188007788,0.5300020096435505,generalized,88,10,5,0.0,1.0,0.5,models/,9,1,overwrite,64,1,fixed_updates,100,1,True,0,True
Gossip,1339.3847973476086,,1480.4463692857175,877.0058749500961,3337.671739087402,1.105318182061984,classical,80,10,5,0.0,1.0,0.5,models/,9,1,improved_overwrite,64,1,fixed_updates,100,1,True,0,False
Single,1509.578357949136,,2767.6362442233403,868.2042521717383,3216.730579669545,1.833383626394433,classical,80,10,5,0.0,1.0,0.5,models/,9,1,improved_overwrite,64,1,fixed_updates,100,1,True,0,False
Centralized,1321.7725735377264,,1403.0990796941414,886.4274257976384,3185.40773310492,1.0615283656088763,classical,80,10,5,0.0,1.0,0.5,models/,9,1,improved_overwrite,64,1,fixed_updates,100,1,True,0,False
Gossip,4004.054209214743,,5806.507158363372,1853.829194195688,8313.601910151416,1.4501569796434193,generalized,80,10,5,0.0,1.0,0.5,models/,9,1,improved_overwrite,64,1,fixed_updates,100,1,True,0,False
Single,7543.945536215161,,9852.072322029177,3277.778082655868,23423.33272098965,1.305957509201745,generalized,80,10,5,0.0,1.0,0.5,models/,9,1,improved_overwrite,64,1,fixed_updates,100,1,True,0,False
Centralized,1324.37111229715,,701.9193510313539,1216.2716070224392,2360.7188007788,0.5300020096435505,generalized,80,10,5,0.0,1.0,0.5,models/,9,1,improved_overwrite,64,1,fixed_updates,100,1,True,0,False
Gossip,1283.2880627540303,,1419.158005580006,848.9969950902694,3151.438180095387,1.1058764175943387,classical,86,10,5,0.0,0.2,0.5,models/,9,1,simple_avg,64,1,fixed_updates,100,1,True,0,False
Single,1509.578357949136,,2767.6362442233403,868.2042521717383,3216.730579669545,1.833383626394433,classical,86,10,5,0.0,0.2,0.5,models/,9,1,simple_avg,64,1,fixed_updates,100,1,True,0,False
Centralized,1321.7725735377264,,1403.0990796941414,886.4274257976384,3185.40773310492,1.0615283656088763,classical,86,10,5,0.0,0.2,0.5,models/,9,1,simple_avg,64,1,fixed_updates,100,1,True,0,False
Gossip,6060.826185960951,,7184.722693827959,2806.548165056337,18968.713783207564,1.185436188628929,generalized,86,10,5,0.0,0.2,0.5,models/,9,1,simple_avg,64,1,fixed_updates,100,1,True,0,False
Single,7543.945536215161,,9852.072322029177,3277.778082655868,23423.33272098965,1.305957509201745,generalized,86,10,5,0.0,0.2,0.5,models/,9,1,simple_avg,64,1,fixed_updates,100,1,True,0,False
Centralized,1324.37111229715,,701.9193510313539,1216.2716070224392,2360.7188007788,0.5300020096435505,generalized,86,10,5,0.0,0.2,0.5,models/,9,1,simple_avg,64,1,fixed_updates,100,1,True,0,False
Gossip,1327.5212901562525,,1451.4309666839283,867.5181491290086,3261.8239674665747,1.0933391256671232,classical,177,10,5,0.1,1.0,1.0,models/,9,1,age_weighted,64,4,no_improvements,30,1,True,0,False
Single,1509.578357949136,,2767.6362442233403,868.2042521717383,3216.730579669545,1.833383626394433,classical,177,10,5,0.1,1.0,1.0,models/,9,1,age_weighted,64,4,no_improvements,30,1,True,0,False
Centralized,1321.7725735377264,,1403.0990796941414,886.4274257976384,3185.40773310492,1.0615283656088763,classical,177,10,5,0.1,1.0,1.0,models/,9,1,age_weighted,64,4,no_improvements,30,1,True,0,False
Gossip,6267.628569576989,,8388.739794328867,2591.080081947913,16395.174665318576,1.338423249113346,generalized,177,10,5,0.1,1.0,1.0,models/,9,1,age_weighted,64,4,no_improvements,30,1,True,0,False
Single,7543.945536215161,,9852.072322029177,3277.778082655868,23423.33272098965,1.305957509201745,generalized,177,10,5,0.1,1.0,1.0,models/,9,1,age_weighted,64,4,no_improvements,30,1,True,0,False
Centralized,1324.37111229715,,701.9193510313539,1216.2716070224392,2360.7188007788,0.5300020096435505,generalized,177,10,5,0.1,1.0,1.0,models/,9,1,age_weighted,64,4,no_improvements,30,1,True,0,False
Gossip,1292.9517771129763,,1430.5490206125708,855.7032856218361,3137.43831137529,,classical,100,10,5,0.0,1.0,0.5,models/,9,1,simple_avg,64,5,fixed_updates,20,1,True,0,False
Single,1509.578357949136,,2767.6362442233403,868.2042521717383,3216.730579669545,,classical,100,10,5,0.0,1.0,0.5,models/,9,1,simple_avg,64,5,fixed_updates,20,1,True,0,False
Centralized,1321.7725735377264,,1403.0990796941414,886.4274257976384,3185.40773310492,,classical,100,10,5,0.0,1.0,0.5,models/,9,1,simple_avg,64,5,fixed_updates,20,1,True,0,False
Gossip,4925.822584435501,,5771.184900711477,2583.620963738364,11942.204273035097,,generalized,100,10,5,0.0,1.0,0.5,models/,9,1,simple_avg,64,5,fixed_updates,20,1,True,0,False
Single,7543.945536215161,,9852.072322029177,3277.778082655868,23423.33272098965,,generalized,100,10,5,0.0,1.0,0.5,models/,9,1,simple_avg,64,5,fixed_updates,20,1,True,0,False
Centralized,1324.37111229715,,701.9193510313539,1216.2716070224392,2360.7188007788,,generalized,100,10,5,0.0,1.0,0.5,models/,9,1,simple_avg,64,5,fixed_updates,20,1,True,0,False
Gossip,1288.8770121532534,,1416.9952699720843,851.5056566157423,3188.2670718199847,,classical,99,10,5,0.0,1.0,0.5,models/,9,1,age_weighted,64,5,fixed_updates,20,1,True,0,False
Single,1509.578357949136,,2767.6362442233403,868.2042521717383,3216.730579669545,,classical,99,10,5,0.0,1.0,0.5,models/,9,1,age_weighted,64,5,fixed_updates,20,1,True,0,False
Centralized,1321.7725735377264,,1403.0990796941414,886.4274257976384,3185.40773310492,,classical,99,10,5,0.0,1.0,0.5,models/,9,1,age_weighted,64,5,fixed_updates,20,1,True,0,False
Gossip,5139.578676735167,,5682.396130502217,2491.4641620472958,14642.38509935439,,generalized,99,10,5,0.0,1.0,0.5,models/,9,1,age_weighted,64,5,fixed_updates,20,1,True,0,False
Single,7543.945536215161,,9852.072322029177,3277.778082655868,23423.33272098965,,generalized,99,10,5,0.0,1.0,0.5,models/,9,1,age_weighted,64,5,fixed_updates,20,1,True,0,False
Centralized,1324.37111229715,,701.9193510313539,1216.2716070224392,2360.7188007788,,generalized,99,10,5,0.0,1.0,0.5,models/,9,1,age_weighted,64,5,fixed_updates,20,1,True,0,False
Gossip,1386.1675665288303,,1621.0020911949546,879.2513045541134,3367.242154839644,1.169412797079205,classical,166,10,5,0.0,1.0,1.0,models/,9,1,age_weighted,64,2,fixed_updates,20,1,True,0,False
Single,1509.578357949136,,2767.6362442233403,868.2042521717383,3216.730579669545,1.833383626394433,classical,166,10,5,0.0,1.0,1.0,models/,9,1,age_weighted,64,2,fixed_updates,20,1,True,0,False
Centralized,1321.7725735377264,,1403.0990796941414,886.4274257976384,3185.40773310492,1.0615283656088763,classical,166,10,5,0.0,1.0,1.0,models/,9,1,age_weighted,64,2,fixed_updates,20,1,True,0,False
Gossip,5594.161198308956,,7034.051796250624,2231.5120427568827,16339.840623195658,1.2573916887444947,generalized,166,10,5,0.0,1.0,1.0,models/,9,1,age_weighted,64,2,fixed_updates,20,1,True,0,False
Single,7543.945536215161,,9852.072322029177,3277.778082655868,23423.33272098965,1.305957509201745,generalized,166,10,5,0.0,1.0,1.0,models/,9,1,age_weighted,64,2,fixed_updates,20,1,True,0,False
Centralized,1324.37111229715,,701.9193510313539,1216.2716070224392,2360.7188007788,0.5300020096435505,generalized,166,10,5,0.0,1.0,1.0,models/,9,1,age_weighted,64,2,fixed_updates,20,1,True,0,False
Gossip,1316.9436658016944,,1476.7651757169735,859.7404540897794,3273.055055271294,1.121357894088801,classical,116,10,5,0.0,1.0,1.0,models/,9,1,simple_avg,64,1,fixed_updates,100,1,True,0,False
Single,1509.578357949136,,2767.6362442233403,868.2042521717383,3216.730579669545,1.833383626394433,classical,116,10,5,0.0,1.0,1.0,models/,9,1,simple_avg,64,1,fixed_updates,100,1,True,0,False
Centralized,1321.7725735377264,,1403.0990796941414,886.4274257976384,3185.40773310492,1.0615283656088763,classical,116,10,5,0.0,1.0,1.0,models/,9,1,simple_avg,64,1,fixed_updates,100,1,True,0,False
Gossip,3434.513915911198,,3574.387629719341,1965.4830289059903,9032.253851433954,1.0407259126714103,generalized,116,10,5,0.0,1.0,1.0,models/,9,1,simple_avg,64,1,fixed_updates,100,1,True,0,False
Single,7543.945536215161,,9852.072322029177,3277.778082655868,23423.33272098965,1.305957509201745,generalized,116,10,5,0.0,1.0,1.0,models/,9,1,simple_avg,64,1,fixed_updates,100,1,True,0,False
Centralized,1324.37111229715,,701.9193510313539,1216.2716070224392,2360.7188007788,0.5300020096435505,generalized,116,10,5,0.0,1.0,1.0,models/,9,1,simple_avg,64,1,fixed_updates,100,1,True,0,False
Gossip,1334.4686104195507,,1460.504149061605,871.6450839800962,3268.70816916902,1.094446236994986,classical,181,10,5,1.0,1.0,1.0,models/,9,1,age_weighted,64,4,no_improvements,30,1,True,0,False
Single,1509.578357949136,,2767.6362442233403,868.2042521717383,3216.730579669545,1.833383626394433,classical,181,10,5,1.0,1.0,1.0,models/,9,1,age_weighted,64,4,no_improvements,30,1,True,0,False
Centralized,1321.7725735377264,,1403.0990796941414,886.4274257976384,3185.40773310492,1.0615283656088763,classical,181,10,5,1.0,1.0,1.0,models/,9,1,age_weighted,64,4,no_improvements,30,1,True,0,False
Gossip,6392.001594249042,,8082.144865323347,2685.331768555209,20332.68315139249,1.2644153394133923,generalized,181,10,5,1.0,1.0,1.0,models/,9,1,age_weighted,64,4,no_improvements,30,1,True,0,False
Single,7543.945536215161,,9852.072322029177,3277.778082655868,23423.33272098965,1.305957509201745,generalized,181,10,5,1.0,1.0,1.0,models/,9,1,age_weighted,64,4,no_improvements,30,1,True,0,False
Centralized,1324.37111229715,,701.9193510313539,1216.2716070224392,2360.7188007788,0.5300020096435505,generalized,181,10,5,1.0,1.0,1.0,models/,9,1,age_weighted,64,4,no_improvements,30,1,True,0,False
Gossip,1304.986390256117,,1446.7443810080822,865.6794799337332,3222.76326664758,1.108627945709184,classical,96,10,5,0.0,1.0,0.5,models/,9,1,simple_avg,64,1,fixed_updates,100,1,True,0,False
Single,1329.9837731693704,,1436.0007815246422,893.3699259799882,3349.309147307056,1.079713008905839,classical,96,10,5,0.0,1.0,0.5,models/,9,1,simple_avg,64,1,fixed_updates,100,1,True,0,False
Centralized,1367.1785136642409,,1449.607223191321,909.330316499242,3297.2730398400995,1.0602911095392795,classical,96,10,5,0.0,1.0,0.5,models/,9,1,simple_avg,64,1,fixed_updates,100,1,True,0,False
Gossip,2714.1442108739807,,4169.193798118777,1406.1283963830874,5956.017032042756,1.53609884891719,generalized,96,10,5,0.0,1.0,0.5,models/,9,1,simple_avg,64,1,fixed_updates,100,1,True,0,False
Single,5231.003065575101,,10138.9828339666,1638.210778202525,13630.610873235268,1.938248306656634,generalized,96,10,5,0.0,1.0,0.5,models/,9,1,simple_avg,64,1,fixed_updates,100,1,True,0,False
Centralized,1226.682779748716,,991.5445495799252,953.784968913884,2261.178416560821,0.808313743332275,generalized,96,10,5,0.0,1.0,0.5,models/,9,1,simple_avg,64,1,fixed_updates,100,1,True,0,False
Gossip,1584.7020665765956,,2396.368168856814,880.6076910887654,3369.3331359829717,1.5121884544731152,classical,114,10,5,0.0,1.0,1.0,models/,9,1,overwrite,64,1,fixed_updates,100,1,True,0,False
Single,1509.578357949136,,2767.6362442233403,868.2042521717383,3216.730579669545,1.833383626394433,classical,114,10,5,0.0,1.0,1.0,models/,9,1,overwrite,64,1,fixed_updates,100,1,True,0,False
Centralized,1321.7725735377264,,1403.0990796941414,886.4274257976384,3185.40773310492,1.0615283656088763,classical,114,10,5,0.0,1.0,1.0,models/,9,1,overwrite,64,1,fixed_updates,100,1,True,0,False
Gossip,3705.156171128676,,4583.987876170512,1785.0058657890777,9269.799426392075,1.2371915418545296,generalized,114,10,5,0.0,1.0,1.0,models/,9,1,overwrite,64,1,fixed_updates,100,1,True,0,False
Single,7543.945536215161,,9852.072322029177,3277.778082655868,23423.33272098965,1.305957509201745,generalized,114,10,5,0.0,1.0,1.0,models/,9,1,overwrite,64,1,fixed_updates,100,1,True,0,False
Centralized,1324.37111229715,,701.9193510313539,1216.2716070224392,2360.7188007788,0.5300020096435505,generalized,114,10,5,0.0,1.0,1.0,models/,9,1,overwrite,64,1,fixed_updates,100,1,True,0,False
